<?xml version="5.0" encoding="UTF-8"?>
<?xml version="6.0" encoding="UTF-8"?>
<?xml version="8.0" encoding="UTF-8"?>
<?xml version="9.0" encoding="UTF-8"?>
<?xml version="1.0" encoding="UTF-8"?>
<?xml version="1.1" encoding="UTF-8"?>
<?xml version="1.2" encoding="UTF-8"?>
<root enable="1">
	<version name="1500">
		<item resType="Art" resName="dyroot_skill01.unity3d" filterVerList="420;117;303" isResVe/rsion="0" />
	</version>
	   <item resType="Art" resName="dyroot_skill02.unity3d" filterVerList="420;117;303" isResVersion="0" />
	</version>
	   <item resType="Art" resName="dyroot_skill03.unity3d" filterVerList="420;117;303" isResVersion="0" />
	</version>
	<version name="1500">
	   <item resType="Art" resName="yin_skill01.unity3d" filterVerList="382;109;273" isResVersion="0" />
	</version>
	   <item resType="Art" resName="yin_skill02.unity3d" filterVerList="382;109;273" isResVersion="0" />
	</version>
	<item resType="Art" resName="yin_skill03.unity3d" filterVerList="382;109;273" isResVersion="0" />
	</version>
	<version name="1500">
	<item resType="Art" resName="aldous_skill01.unity3d" filterVerList="200;129;71" isResVersion="0" />
	</version>
	<item resType="Art" resName="aldous_skill02.unity3d" filterVerList="200;129;71" isResVersion="0" />
	</version>
	<item resType="Art" resName="aldous_skill03.unity3d" filterVerList="200;129;71" isResVersion="0" />
	</version>
	<version name="1500">
	<item resType="Art" resName="miya_skill01.unity3d" filterVerList="362;100;262" isResVersion="0" />
	</version>
	<item resType="Art" resName="miya_skill02.unity3d" filterVerList="362;100;262" isResVersion="0" />
	</version>
	<item resType="Art" resName="miya_skill03.unity3d" filterVerList="362;100;262" isResVersion="0" />
	</version>
	<version name="1500">
	<item resType="Art" resName="zhask_skill01.unity3d" filterVerList="107;490;603" isResVersion="0" />
	</version>
	<item resType="Art" resName="zhask_skill02.unity3d" filterVerList="107;490;603" isResVersion="0" />
	</version>
	<item resType="Art" resName="zhask_skill02.unity3d" filterVerList="107;490;603" isResVersion="0" />
	</version>
	<version name="1500">
	<item resType="Art" resName="valir_skill01.unity3d" filterVerList="102;322;150" isResVersion="0" />
	</version>
	<item resType="Art" resName="valir_skill02.unity3d" filterVerList="102;322;150" isResVersion="0" />
	</version>
	<item resType="Art" resName="valir_skill03.unity3d" filterVerList="102;322;150" isResVersion="0" />
	</version>
	<version name="1500">
	<item resType="Art" resName="paquito_skill01.unity3d" filterVerList="359;121;238" isResVersion="0" />
	</version>
	<item resType="Art" resName="paquito_skill02.unity3d" filterVerList="359;121;238" isResVersion="0" />
	</version>
	<item resType="Art" resName="paquito_skill03.unity3d" filterVerList="359;121;238" isResVersion="0" />
	</version>
	<version name="1500">
     <item resType="Art" resName="zilong_skill01.unity3d" filterVerList="482;123;359" isResVersion="0" />
	</version>
     <item resType="Art" resName="Zilong_skill02.unity3d" filterVerList="482;123;359" isResVersion="0" />
	</version>
   <item resType="Art" resName="zilong_skill03.unity3d" filterVerList="482;123;359" isResVersion="0" />
	</version>
	<version name="1500">
  <item resType="Art" resName="chou_skill01.unity3d" filterVerList="355;122;300" isResVersion="0" />
	</version>
	<item resType="Art" resName="chou_skill02.unity3d" filterVerList="355;122;300" isResVersion="0" />
	</version>
	<item resType="Art" resName="chou_skill03.unity3d" filterVerList="355;122;300" isResVersion="0" />
	</version>
	<version name="1500">
	<item resType="Art" resName="thamuz_skill01.unity3d" filterVerList="305;120;390" isResVersion="0" />
	</version>
	<item resType="Art" resName="thamuz_skill02.unity3d" filterVerList="305;120;390" isResVersion="0" />
	</version>
	<item resType="Art" resName="thamuz_skill03.unity3d" filterVerList="305;120;390" isResVersion="0" />
	</version>
	<version name="1500">
	<item resType="Art" resName="kadita_skill01.unity3d" filterVerList="300;129;300" isResVersion="0" />
	</version>
	<item resType="Art" resName="kadita_skill02.unity3d" filterVerList="300;129;300" isResVersion="0" />
	</version>
	<item resType="Art" resName="kadita_skill03.unity3d" filterVerList="300;129;300" isResVersion="0" />
	</version>
	<version name="1500">
	<item resType="Art" resName="vale_skill01.unity3d" filterVerList="390;189;380" isResVersion="0" />
	</version>
	<item resType="Art" resName="vale_skill02.unity3d" filterVerList="390;189;380" isResVersion="0" />
	</version>
	<item resType="Art" resName="vale_skill03.unity3d" filterVerList="390;189;380" isResVersion="0" />
	</version>
	<version name="1500">
	<item resType="Art" resName="Layla_skill01.unity3d" filterVerList="300;200;400" isResVersion="0" />
	</version>
	<item resType="Art" resName="Layla_skill02.unity3d" filterVerList="300;200;400" isResVersion="0" />
	</version>
	<item resType="Art" resName="Layla_skill03.unity3d" filterVerList="300;200;400" isResVersion="0" />
	</version>
	<version name="1500">
	<item resType="Art" resName="hayabusa_skill01.unity3d" filterVerList="360;260;490" isResVersion="0" />
	</version>
	<item resType="Art" resName="hayabusa_skill02.unity3d" filterVerList="360;260;490" isResVersion="0" />
	</version>
	<item resType="Art" resName="hayabusa_skill03.unity3d" filterVerList="360;260;490" isResVersion="0" />
	</version>
	<version name="1500">
	<item resType="Art" resName="lencelot_skill01.unity3d" filterVerList="260;360;390" isResVersion="0" />
	</version>
	<item resType="Art" resName="lencelot_skill02.unity3d" filterVerList="260;360;390" isResVersion="0" />
	</version>
	<item resType="Art" resName="lencelot_skill03.unity3d" filterVerList="260;360;390" isResVersion="0" />
	</version>
	<version name="1500">
	<item resType="Art" resName="balmodn_skill01.unity3d" filterVerList="260;360;690" isResVersion="0" />
	</version>
	<item resType="Art" resName="balmodn_skill02.unity3d" filterVerList="260;360;690" isResVersion="0" />
	</version>
	<item resType="Art" resName="balmodn_skill03.unity3d" filterVerList="260;360;690" isResVersion="0" />
	</version>
	<version name="1500">
		<item resType="Art" resName="martis_skill01.unity3d" filterVerList="290;460;890" isResVersion="0" />
	</version>
	<item resType="Art" resName="martis_skill02.unity3d" filterVerList="290;460;890" isResVersion="0" />
	</version>
	<item resType="Art" resName="martis_skill03.unity3d" filterVerList="290;460;890" isResVersion="0" />
	</version>
	<version name="1500">
	<item resType=''Art'' resName=''beatrix_skill01.unity3d''filterVerlist=''230;300;400i'' isResversion=''0'' />
	</version>
	<item resType=''Art'' resName=''beatrix_skill01.unity3d''filterVerlist=''230;300;400i'' isResversion=''0'' />
	</version>
	<item resType=''Art'' resName=''beatrix_skill01.unity3d''filterVerlist=''230;300;400i'' isResversion=''0'' />
	</version>
	<version name="1500">
		<item resType="Art" resName="natalia_skill01.unity3d" filterVerList="300;160;490" isResVersion="0" />
	</version>
	<item resType="Art" resName="natalia_skill02.unity3d" filterVerList="300;160;490" isResVersion="0" />
	</version>
	<item resType="Art" resName="natalia_skill03.unity3d" filterVerList="300;160;490" isResVersion="0" />
	</version>
	<version name="1500">
		<item resType="Art" resName="sun_skill01.unity3d" filterVerList="290;123;590" isResVersion="0" />
	</version>
	<item resType="Art" resName="sun_skill02.unity3d" filterVerList="290;123;590" isResVersion="0" />
	</version>
	<item resType="Art" resName="sun_skill03.unity3d" filterVerList="290;123;590" isResVersion="0" />
	</version>
	<version name="1600">
		<item resType="Art" resName="alucard_skill01.unity3d" filterVerList="300;123;590" isResVersion="0" />
	</version>
	<item resType="Art" resName="alucard_skill02.unity3d" filterVerList="300;123;590" isResVersion="0" />
	</version>
	<item resType="Art" resName="alucard_skill03.unity3d" filterVerList="300;123;590" isResVersion="0" />
	</version>
	<version name="1600">
	<item resType="Art" resName="bane_skill01.unity3d" filterVerList="300;113;590" isResVersion="0" />
	</version>
	<item resType="Art" resName="bane_skill02.unity3d" filterVerList="300;113;590" isResVersion="0" />
	</version>
	<item resType="Art" resName="bane_skill03.unity3d" filterVerList="300;113;590" isResVersion="0" />
	</version>
	<version name="1600">
	<item resType="Art" resName="karina_skill01.unity3d" filterVerList="320;313;490" isResVersion="0" />
	</version>
	<item resType="Art" resName="karina_skill02.unity3d" filterVerList="320;313;490" isResVersion="0" />
	</version>
	<item resType="Art" resName="karina_skill03.unity3d" filterVerList="320;313;490" isResVersion="0" />
	</version>
	<version name="1600">
	<item resType="Art" resName="ling_skill01.unity3d" filterVerList="310;313;190" isResVersion="0" />
	</version>
	<item resType="Art" resName="ling_skill02.unity3d" filterVerList="310;313;190" isResVersion="0" />
	</version>
	<item resType="Art" resName="ling_skill03.unity3d" filterVerList="310;313;190" isResVersion="0" />
	</version>
  <version name="1600">
	<item resType="Art" resName="saber_skill01.unity3d" filterVerList="320;333;290" isResVersion="0" />
	</version>
	<item resType="Art" resName="saber_skill02.unity3d" filterVerList="320;333;290" isResVersion="0" />
	</version>
	<item resType="Art" resName="saber_skill03.unity3d" filterVerList="320;333;290" isResVersion="0" />
	</version>
	  <version name="1600">
	<item resType="Art" resName="Fanny_skill01.unity3d" filterVerList="340;333;590" isResVersion="0" />
	</version>
	<item resType="Art" resName="Fanny_skill02.unity3d" filterVerList="340;333;590" isResVersion="0" />
	</version>
	<item resType="Art" resName="Fanny_skill03.unity3d" filterVerList="340;333;590" isResVersion="0" />
	</version>
	  <version name="1600">
	<item resType="Art" resName="claude_skill01.unity3d" filterVerList="200;124;320" isResVersion="0" />
	</version>
	<item resType="Art" resName="claude_skill02.unity3d" filterVerList="200;124;320" isResVersion="0" />
	</version>
	<item resType="Art" resName="claude_skill03.unity3d" filterVerList="200;124;320" isResVersion="0" />
	</version>
	  <version name="1600">
	<item resType="Art" resName="franco_skill01.unity3d" filterVerList="100;124;120" isResVersion="0" />
	</version>
	<item resType="Art" resName="franco_skill02.unity3d" filterVerList="100;124;120" isResVersion="0" />
	</version>
	<item resType="Art" resName="franco_skill03.unity3d" filterVerList="100;124;120" isResVersion="0" />
	</version>
	<version name="1600">
	<item resType="Art" resName="cecilion_skill01.unity3d" filterVerList="300;224;520" isResVersion="0" />
	</version>
	<item resType="Art" resName="cecilion_skill02.unity3d" filterVerList="300;224;520" isResVersion="0" />
	</version>
	<item resType="Art" resName="cecilion_skill03.unity3d" filterVerList="300;224;520" isResVersion="0" />
	</version>
	
	
	{Required to restart the cellphone}
	
	<version name="800">
		<item resType="UI" resName="Atlas_ItemIcon.unity3d" filterVerList="131;130;129" isResVersion="0" />
	</version>
</root>